{
    "p0": 2.267127827,
    "p1": -0.00093003392670,
    "p2": 4.895036035,
    "p3": 0.01720279602,
    "p4": 6.239468336,
    "p5": 0.01720200135,
    "p6": 0.03338320972,
    "p7": 0.0003497596876,
    "p8": -0.0001544353226,
    "p9": -0.00000868972936,
    "p10": 0.4090904909,
    "p11": -6.213605399e-9,
    "p12": 0.00004418094944,
    "p13": 6.697096103,
    "p14": 0.06570984737
}
